"id","first_name","last_name","email","Gender","Adharnumber","Address"
1,"Rodney","Sikorski","rsikorski0@tuttocitta.it","Genderfluid","8761-6841-7837","Apt 1569"
2,"Elora","Boylan","eboylan1@nih.gov","Female","9934-7492-1185","Room 1352"
3,"Andy","McIlvoray","amcilvoray2@ask.com","Male","3809-4465-8592","PO Box 45840"
4,"Dino","Moen","dmoen3@tripod.com","Male","6327-0989-3936","PO Box 75037"
5,"Lilian","Bingell","lbingell4@paypal.com","Female","2814-1730-1369","Room 1768"
6,"Travers","Purslow","tpurslow5@free.fr","Male","6792-6012-0089","PO Box 4799"
7,"Dukey","McCaughan","dmccaughan6@booking.com","Male","7519-0894-7607","Room 1878"
8,"Ag","Tett","atett7@networkadvertising.org","Female","5219-6917-7211","19th Floor"
9,"Arie","Donnett","adonnett8@amazon.co.uk","Genderfluid","8632-6913-0148","10th Floor"
10,"Brand","Fantham","bfantham9@state.tx.us","Male","7158-0795-5078","PO Box 14786"
11,"Brant","Cristofaro","bcristofaroa@wikia.com","Male","5247-3922-1627","17th Floor"
12,"Verla","Tully","vtullyb@infoseek.co.jp","Agender","5172-5563-6277","Room 1238"
13,"Cissiee","Sebring","csebringc@cornell.edu","Female","9229-8145-9602","PO Box 42358"
14,"Jeanne","de Pinna","jdepinnad@berkeley.edu","Female","7566-1438-3214","Apt 1835"
15,"Freddy","Lidell","flidelle@imdb.com","Female","9687-7934-9138","Room 1121"
16,"Mano","Oldroyd","moldroydf@symantec.com","Male","3777-4077-6028","Suite 79"
17,"Hieronymus","Aylett","haylettg@goo.ne.jp","Male","2583-8529-0988","Apt 1676"
18,"Lane","Balnaves","lbalnavesh@thetimes.co.uk","Male","7176-7628-9859","19th Floor"
19,"Quill","Wait","qwaiti@dyndns.org","Male","3909-3342-1245","20th Floor"
20,"Baillie","Wolseley","bwolseleyj@wix.com","Genderfluid","5825-4159-0731","Apt 1755"
21,"Eleanora","Margerison","emargerisonk@hexun.com","Female","5193-3091-4246","Suite 30"
22,"Roana","Marley","rmarleyl@symantec.com","Female","7296-1528-4004","PO Box 29017"
23,"Jasen","Durtnall","jdurtnallm@over-blog.com","Male","0061-1959-4003","Suite 79"
24,"Karylin","Alliker","kallikern@printfriendly.com","Female","2479-3512-0203","Suite 33"
25,"Ive","Feria","iferiao@redcross.org","Non-binary","6457-9929-0035","Apt 1197"
26,"Carissa","Durrington","cdurringtonp@bizjournals.com","Female","6795-9544-3289","Room 1117"
27,"Brnaby","Lortz","blortzq@wordpress.org","Male","0866-9571-2592","Apt 1066"
28,"Quintus","Giffkins","qgiffkinsr@livejournal.com","Male","0771-8954-0604","Apt 1949"
29,"Kathrine","Mettrick","kmettricks@yandex.ru","Female","3175-9458-1385","Room 859"
30,"Leslie","Daelman","ldaelmant@timesonline.co.uk","Female","8829-9537-5888","Apt 421"
31,"Jessey","Gilyott","jgilyottu@exblog.jp","Male","7762-2902-1043","Room 1094"
32,"Lemar","Jirsa","ljirsav@is.gd","Male","1141-8245-1822","Room 1936"
33,"Collin","Everiss","ceverissw@booking.com","Male","8393-4403-9088","Suite 43"
34,"Nikolas","Petrasch","npetraschx@npr.org","Male","5581-5686-5377","Suite 21"
35,"Emmet","Priddle","epriddley@nps.gov","Genderfluid","6204-7045-8238","PO Box 71194"
36,"Flemming","Geaveny","fgeavenyz@google.co.uk","Male","1269-3192-9630","Room 1472"
37,"Durward","Rignall","drignall10@php.net","Male","5913-1201-5845","Apt 827"
38,"Adolph","Benford","abenford11@chron.com","Male","8035-4276-9254","Room 602"
39,"Tobin","Demange","tdemange12@ftc.gov","Male","1379-9827-0147","Suite 24"
40,"Nert","Gascoigne","ngascoigne13@umn.edu","Bigender","6225-0582-8093","2nd Floor"
41,"Maggee","Greenrde","mgreenrde14@google.ru","Female","6343-0012-6556","10th Floor"
42,"Agnes","Karpenya","akarpenya15@hugedomains.com","Female","0648-3801-1226","Room 59"
43,"Tudor","Grevel","tgrevel16@reuters.com","Male","4353-5767-4666","PO Box 81015"
44,"Ginny","Huttley","ghuttley17@mtv.com","Female","2633-8451-1556","Apt 481"
45,"Decca","Berndtsson","dberndtsson18@webs.com","Male","3283-4377-4653","Room 666"
46,"Michel","Storrah","mstorrah19@tripod.com","Polygender","5588-6399-3692","PO Box 10549"
47,"Whittaker","Swires","wswires1a@forbes.com","Male","4972-6440-4441","Apt 944"
48,"Tyler","MacDaid","tmacdaid1b@ustream.tv","Male","8672-8336-3023","Apt 1909"
49,"Consuela","Polgreen","cpolgreen1c@tuttocitta.it","Female","7089-9757-3316","Room 1434"
50,"Rafael","Nouch","rnouch1d@house.gov","Male","8969-5421-4131","3rd Floor"
51,"Hazel","Doll","hdoll1e@ameblo.jp","Male","1379-9041-0344","Suite 8"
52,"Linc","Correa","lcorrea1f@tripod.com","Male","6718-2728-8119","Room 1646"
53,"Rustie","Sirkett","rsirkett1g@wisc.edu","Male","4757-6439-2380","13th Floor"
54,"Cherianne","Stuckes","cstuckes1h@bluehost.com","Female","4012-5011-6142","Room 1809"
55,"Guglielmo","Bradberry","gbradberry1i@is.gd","Male","9988-1885-6515","Suite 65"
56,"Rickie","Roussell","rroussell1j@netscape.com","Non-binary","9598-2344-8093","Room 1828"
57,"Guillaume","Phinn","gphinn1k@biglobe.ne.jp","Male","0717-3188-2138","PO Box 12705"
58,"Marlin","Moseby","mmoseby1l@photobucket.com","Male","2305-2038-7267","PO Box 9494"
59,"Isak","Deabill","ideabill1m@loc.gov","Male","4179-4027-4875","9th Floor"
60,"Hermine","Bignell","hbignell1n@deviantart.com","Female","0457-7386-2013","3rd Floor"
61,"Isiahi","Alexsandrov","ialexsandrov1o@webs.com","Male","1064-3959-4217","Suite 13"
62,"Dare","Sandiland","dsandiland1p@xrea.com","Male","0176-9849-5678","1st Floor"
63,"Juli","Insull","jinsull1q@who.int","Female","8434-2473-0884","Suite 14"
64,"Angelina","Dies","adies1r@aol.com","Female","3598-8241-3874","PO Box 65378"
65,"Mariya","Buckoke","mbuckoke1s@edublogs.org","Female","7421-2268-6548","3rd Floor"
66,"Robyn","D'Angeli","rdangeli1t@oracle.com","Polygender","0351-9682-9770","Apt 1072"
67,"Ingram","Haszard","ihaszard1u@upenn.edu","Male","5414-2014-4308","Apt 1729"
68,"Carola","Shelly","cshelly1v@imdb.com","Non-binary","8623-5370-2835","PO Box 99694"
69,"Krystyna","Dewitt","kdewitt1w@phoca.cz","Female","2673-1195-6801","PO Box 35828"
70,"Kristel","Vinall","kvinall1x@opera.com","Female","0499-6285-5601","Apt 1970"
71,"Karim","Ourtic","kourtic1y@tmall.com","Male","6207-9417-6359","4th Floor"
72,"Orin","Camier","ocamier1z@amazon.de","Male","8882-9085-6595","Apt 1607"
73,"Gaylord","Qualtro","gqualtro20@acquirethisname.com","Male","3915-7231-0867","17th Floor"
74,"Delmor","O'Duggan","doduggan21@geocities.com","Male","0460-8522-2059","Apt 1083"
75,"Uriah","Britt","ubritt22@vkontakte.ru","Male","1915-1426-6891","Apt 1205"
76,"Maryellen","Matusevich","mmatusevich23@elegantthemes.com","Female","2637-2059-8863","Suite 35"
77,"Giffer","Harcombe","gharcombe24@sogou.com","Male","7513-4961-1689","18th Floor"
78,"Gwendolin","Lakeman","glakeman25@wikimedia.org","Female","9688-3083-8565","Apt 1834"
79,"Hailey","Blague","hblague26@wiley.com","Male","4870-9181-0648","Suite 33"
80,"Tessy","Styan","tstyan27@statcounter.com","Female","3515-2318-4044","Apt 807"
81,"Garret","Simmen","gsimmen28@gov.uk","Male","4921-8291-2684","Suite 100"
82,"Ddene","Morphey","dmorphey29@house.gov","Female","2740-8264-1919","Room 1488"
83,"Sallyanne","Dorking","sdorking2a@sogou.com","Bigender","9218-3258-9484","Suite 86"
84,"Charmaine","Khristoforov","ckhristoforov2b@sina.com.cn","Female","0714-0065-8442","PO Box 11268"
85,"Phylis","Hincham","phincham2c@theglobeandmail.com","Female","2584-3718-5230","Room 1347"
86,"Ninette","Paunton","npaunton2d@reuters.com","Female","3991-9634-7716","PO Box 50321"
87,"Tove","Annies","tannies2e@plala.or.jp","Female","3706-1914-9553","Suite 27"
88,"Carlyn","Swale","cswale2f@istockphoto.com","Female","1362-5392-4221","Apt 140"
89,"Juieta","McCart","jmccart2g@census.gov","Female","1440-9470-0359","10th Floor"
90,"Herculie","Chittem","hchittem2h@sun.com","Male","1969-3593-2927","Suite 18"
91,"Erminie","Rooksby","erooksby2i@washington.edu","Female","8341-1499-6467","15th Floor"
92,"Britt","Balsellie","bbalsellie2j@php.net","Male","3410-8201-0845","Room 1790"
93,"Minta","Howgill","mhowgill2k@qq.com","Female","4078-3206-4833","Apt 965"
94,"Zoe","Archbould","zarchbould2l@ed.gov","Female","0422-2313-6483","12th Floor"
95,"Jedediah","Wintle","jwintle2m@mozilla.com","Male","9735-9108-6079","4th Floor"
96,"Matty","Leader","mleader2n@wunderground.com","Male","8311-3078-1503","Room 101"
97,"Sharlene","Jozef","sjozef2o@t.co","Female","6935-1513-5194","Apt 1057"
98,"Janean","Pechacek","jpechacek2p@guardian.co.uk","Female","9617-7268-8580","Suite 97"
99,"Carolee","Ranyelld","cranyelld2q@dropbox.com","Female","1507-1643-0093","PO Box 6051"
100,"Zared","Lamping","zlamping2r@usnews.com","Male","5755-7653-2391","Apt 1597"
